Nome,Preço Original,Desconto,Valor Final
100% Whey Protein Concentrado 900g Sabor Chocolate,97.0,29% OFF,68.86999999999999
1000 Metros Bandeirinha Bandeira Festa Junina Atacado Papel,275.0,32% OFF,186.99999999999997
12 Pares Meias Masculina Cano Alto Grossa Algodão Oferta,37.0,18% OFF,30.340000000000003
200 Caixas De Papelão Mercado Envios Pp 190x163x70,347.0,17% OFF,288.01
50 Caixas De Papelão Mercado Envios M 406x300x250,280.0,17% OFF,232.39999999999998
500un Saco Para Silagem 52x110 200micras + 500 Abraçadeiras,591.0,34% OFF,390.05999999999995
6 Und. Cadeira Gruvyer Escritório Jantar Área Gourmet Oferta,563.0,29% OFF,399.72999999999996
Aiwa AWS-SP-01 Caixa De Som Speaker Bluetooth Cor Preto Aiwa 110v/220v,218.0,37% OFF,137.34
Alicate amperímetro digital Minipa ET-3200 1000A,137.0,21% OFF,108.23
Alto-falante JBL Charge Essential 2 portátil com bluetooth waterproof gun metal,739.0,22% OFF,576.4200000000001
Aparador De Pelos Philco Pap15 Multigroom Aqua 12 Em 1 Cor Prata 110V/220V,139.0,30% OFF,97.3
Aparador De Pelos Super Groom 10 Bg-03 Mondial,124.0,39% OFF,75.64
Aparador De Pelos Super Groom 6 Bg04 Mondial,103.0,42% OFF,59.74000000000001
Aparelho De Medir Pressão Braço Digital C/ Tomada 110/220v,160.0,33% OFF,107.19999999999999
Aparelho De Pressão Braço Digital Gtech La800 Fonte E Pilhas,155.0,42% OFF,89.9
Apple iPhone 12 (128 GB)  - Branco - Distribuidor Autorizado,3059.0,23% OFF no Pix,2355.43
Apple iPhone 12 (128 GB) - Preto - Distribuidor autorizado,3059.0,23% OFF no Pix,2355.43
Apple iPhone 13 (128 GB) - Azul - Distribuidor Autorizado,3462.0,24% OFF no Pix,2631.12
Apple iPhone 13 (128 GB) - Estelar - Distribuidor Autorizado,3579.0,52% OFF no Pix,1717.9199999999998
Apple iPhone 13 (128 GB) Meia-noite - Distribuidor Autorizado,3579.0,52% OFF no Pix,1717.9199999999998
Apple iPhone 14 (128 GB) - Azul - Distribuidor Autorizado,3869.0,29% OFF no Pix,2746.99
Apple iPhone 14 (128 GB) - Meia noite - Distribuidor Autorizado,3869.0,29% OFF no Pix,2746.99
Apple iPhone 14 (128 GB) - Roxo - Distribuidor Autorizado,3869.0,29% OFF no Pix,2746.99
Apple iPhone 15 (128 GB) - Preto - Distribuidor autorizado,4848.0,33% OFF no Pix,3248.16
Ar Condicionado LG Voice Dual Inverter Ia 9000 Btus Só Frio 220v Branco,2019.0,22% OFF,1574.8200000000002
Ar Condicionado LG Voice Dual Inverter Ia 9000 Btus Só Frio 220v Branco,2019.0,22% OFF,1574.8200000000002
Ar Condicionado LG Voice Dual Inverter Ia 9000 Btus Só Frio 220v Branco,2019.0,22% OFF,1574.8200000000002
Ar Condicionado LG Voice Inverter +ia 9000 Btu Quente/frio 220V,2279.0,35% OFF,1481.3500000000001
Ar Condicionado Split Hw Inverter LG Dual Voice 12000 Btus Quente/Frio 220v,2549.0,20% OFF,2039.2
Ar condicionado Electrolux  split inverter  frio 12000 BTU  branco 220V YI12F/YE12F,2169.0,17% OFF,1800.27
Aspirador De Pó Ap-39 Vertical 2 Em 1 800w Ultra Cor Branco 110V,119.0,16% OFF,99.96
Aspirador De Pó E Líquido Portátil Gtw Compact 1400w - Wap Cor Cinza-escuro 110V,229.0,23% OFF,176.33
Aspirador De Pó E Água 1600w 20 Litros Gtw Inox 20 Wap Cor Prateado 110V,519.0,20% OFF,415.20000000000005
Aspirador De Pó E Água Compacto 1400w 10 Litros Gtw 10 Wap Amarelo 110V,309.0,40% OFF,185.4
Aspirador De Pó Mini Soprador 3em1 Usb Portatil Recarregável,74.0,43% OFF,42.18000000000001
Aspirador De Pó Vert Stk13 1000w Powerspeed Electrolux 110v Cor Vermelho,149.0,44% OFF,83.44000000000001
Aspirador De Pó Vertical 1000w Stk12 Preto Electrolux 220v,149.0,44% OFF,83.44000000000001
Aspirador De Pó Vertical 3 Em 1 High Speed Plus 1350w Wap 220V,189.0,32% OFF,128.51999999999998
Aspirador De Pó Vertical Karcher Vcl3 Bateria De Lítio 110V/220V-(Bivolt),369.0,38% OFF,228.78
Aspirador Vertical Wap Power Speed 3L  preto y cinza y vermelho 220V,728.0,19% OFF,589.6800000000001
Azeite de Oliva Extra Virgem Terras de Camões Vidro 500ml,38.0,45% OFF,20.900000000000002
Balança De Banheiro Inteligente Bioimpedância Digital 180kgs Cor Preto,39.0,45% OFF,21.450000000000003
Balança Digital Corporal Bioimpedancia Aplicativo Bluetooth,144.0,39% OFF,87.84
Ballena licor creme de morango com tequila 750ml,119.0,33% OFF,79.72999999999999
Batedeira Planetária Bbp700rs Rosa Turbo 4l 700w 127V,289.0,39% OFF,176.29
Bateria Moto Titan Fan Biz Bros Fazer 125 150 160 Mix Flex,145.0,21% OFF,114.55000000000001
Bebedouro Refrigerado Eletrônico Bivolt Agua Gelada Black Cor Preto 110V/220V,360.0,23% OFF,277.2
Bepantol Baby creme 120gr,44.0,21% OFF,34.760000000000005
Bermuda 2 Em 1 Short Duplo Esportivo Com Bolso Academia Run,52.0,20% OFF,41.6
Berço Chiqueirinho Portátil Sleep Voyage Colorê Até 15 Kilos,496.0,28% OFF no Pix,357.12
Bicicleta Aro 29 Aço Carbono Ksvj Freios Disco Suspensão 21v,799.0,20% OFF,639.2
Bicicleta Aro 29 Cripto 24 Marchas Freio Disco E Suspensão,986.0,34% OFF,650.7599999999999
Bicicleta Ergométrica Mile Fitness Para Spinning Preta E Azul 20 Níveis De Intensidade Ajustável D2202191 Monitor De Exercício Suporta 130kg,1599.0,46% OFF,863.46
Bicicleta Ergométrica Para Spinning Mecanica 6kg Odin Fit Cor Preto e Vermelho,1279.0,20% OFF,1023.2
Bicicleta Ergométrica Para Spinning Mecanica 8kg Odin Fit Cor Preto/Vermelho,1454.0,27% OFF,1061.42
Blender Zoop Contrast Cadence Com 2 Jarras 127v 110V,177.0,34% OFF,116.81999999999998
Blusa Treino Tiro 24 adidas,167.0,33% OFF,111.88999999999999
Bola De Futebol De Campo Slick 2020 Topper,55.0,25% OFF,41.25
Bola Para Futebol De Campo Bravo Xxiv Branco E Laranja Penalty,71.0,40% OFF,42.6
"Bomba Poço E Cisterna 950 Saída 3/4 Polegada 220v, Oferta",246.0,17% OFF,204.17999999999998
"Bomba Submersa Caneta Palito 1/4hp 2,5  Intech Machine Bsca2 Voltagem 220v",429.0,30% OFF,300.29999999999995
Bota Botina De Seguranca Masculino Trabalho Bic Pvc Fujiwara,66.0,16% OFF,55.44
Bota Botina De Segurança Coturno Masculina Marluvas Com Ca,162.0,24% OFF,123.12
Bota Botina De Segurança Masculina Marluvas Bico Pvc Com Ca,68.0,16% OFF,57.12
Bota Segurança Epi Botina Velcro Marluvas Bico Pvc 50b26,158.0,23% OFF,121.66
Britânia Multipane Cor Preto 600W 12 Programações 220V,559.0,25% OFF,419.25
Britânia multipane cor preto 550 W 12 programações 127V,559.0,44% OFF,313.04
Cadeira De Banho Higienização Modelo D30 Até 100kg Dellamed,219.0,20% OFF,175.20000000000002
Cadeira De Escritório Presidente Ergonômica Estofado Couro Cor Preta,727.0,16% OFF,610.68
Cadeira De Jantar Garden Life Allegra Estrutura Cor Preta 6 Unidades,829.0,17% OFF,688.0699999999999
Cadeira De Rodas Dobrável Resistente Até 100kg D100 Dellamed,648.0,21% OFF,511.92
"Cadeira de Escritório Presidente Monique Big Preta - Ergonómica, Molas Ensacadas, Couro Sintético",766.0,37% OFF,482.58
Cadeira infantil para carro Multikids Baby Artemis 360° preto,988.0,38% OFF,612.56
"Cadeiras Giratorias, Nr 17 Call Center Luxo Executiva  Cor Preto",344.0,20% OFF,275.2
Cadeirinha Para Carro Tour 09 À 36kg Cinza E Azul - Cosco,381.0,54% OFF,175.26
Cafeteira Britânia Cp15 Vidro Preto Com Inox 127V,99.0,33% OFF,66.33
Cafeteira Elétrica C-37JI-30X Dolce Arome Cor Preto/Inox Mondial 127V,221.0,38% OFF,137.02
Cafeteira Elétrica Electrolux C/ Jarra Inox 30 Xícaras Ecm22 110v,199.0,33% OFF,133.32999999999998
Cafeteira Elétrica Electrolux C/ Jarra Inox 30 Xícaras Ecm22 220v,199.0,20% OFF,159.20000000000002
Cafeteira Nescafé Dolce Gusto Arno Genio S Plus Dgs2 Preta Cor Preto 110V,493.0,16% OFF no Pix,414.12
Caixa Amplificada Amvox Aca 550 Strondo II 550w Bivolt Cor Preto 110V/220V,510.0,37% OFF,321.3
Caixa Amplificada Connect Lights Cm-400 Preta Mondial Bivolt Cor Preto 110V/220V,445.0,18% OFF,364.90000000000003
Caixa Amplificada Connect Power Plus CM 550 Preto Mondial Bivolt,499.0,37% OFF,314.37
Caixa De Som 2000w Bluetooth Bateria 4 horas com Display em LED Amvox Aca 2000 Party Vox Prime Bivolt 110/220V,1278.0,24% OFF,971.28
Caixa De Som Amplificada Bluetooth 250w Cm250 Mondial Bivolt Cor Preto 110V/220V,379.0,21% OFF,299.41
Caixa De Som Boombox 3 Bluetooth Preta Jbl Bivolt,2249.0,21% OFF,1776.71
Caixa De Som Boombox 3 Bluetooth Preta Jbl Bivolt,2199.0,18% OFF,1803.18
Caixa De Som Boombox 3 Bluetooth Preta Jbl Bivolt,2199.0,18% OFF,1803.18
Caixa De Som Boombox 3 Bluetooth Preta Jbl Bivolt,2199.0,18% OFF,1803.18
Caixa De Som Jbl Encore Com 2 Microfones,2099.0,20% OFF,1679.2
Caixa De Som Partybox Stage 320 Jbl - Blpbstage320br,3280.0,19% OFF,2656.8
Caixa De Som Partybox Stage 320 Jbl - Blpbstage320br,3280.0,19% OFF,2656.8
Caixa De Som Sr315a Staner Bi Amplificada 300w C/ Pedestal,2419.0,21% OFF,1911.01
Caixa De Som Torre Storm 8pol.1000w Rms Pulse - Sp509 Cor Preto 110V/220V,849.0,16% OFF,713.16
Caixa Pvc Piso Vinilico Autocolante Lamina,302.0,31% OFF,208.38
Calça De Sarja Masculina Bolso Faca/embutido C/ Lycra,62.0,21% OFF,48.980000000000004
Calça Jeans Preta Feminina Super Lycra  Skinny Cintura Alta,55.0,21% OFF,43.45
Calça Legging Lupo Sport Feminina Fitness Academia Original,129.0,20% OFF,103.2
Calça Legging Lupo Sport Feminina Fitness Academia Original,129.0,20% OFF,103.2
Calça Legging Lupo Sport Feminina Fitness Academia Original,129.0,20% OFF,103.2
Calça Legging Lupo Sport Feminina Fitness Academia Original,129.0,20% OFF,103.2
Calça Legging Lupo Sport Feminina Fitness Academia Original,129.0,20% OFF,103.2
Calça Legging Lupo Sport Feminina Fitness Academia Original,129.0,20% OFF,103.2
Calça Legging Lupo Sport Feminina Fitness Academia Original,129.0,20% OFF,103.2
Calça Legging Lupo Sport Feminina Fitness Academia Original,129.0,20% OFF,103.2
Calça Legging Lupo Sport Feminina Fitness Academia Original,129.0,20% OFF,103.2
Calça Legging Lupo Sport Feminina Fitness Academia Original,129.0,20% OFF,103.2
Calça Legging Lupo Sport Feminina Fitness Academia Original,129.0,20% OFF,103.2
Calça Legging Max Lupo Fitness Feminina 71053 Original,126.0,21% OFF,99.54
Calça Preta Jeans Feminina Com Elastano Cintura Alta Skinny,55.0,21% OFF,43.45
Calça Skinny Preta Rasgada Masculina Jeans C/ Elastano Lycra,62.0,21% OFF,48.980000000000004
Cama Box Com Colchão Solteiro Sigma Molas Ensacadas 22x8... Cor Branco,542.0,18% OFF,444.44000000000005
Camisa Térmica Voker Academia Proteção Solar Uv Dry Fit,33.0,32% OFF,22.439999999999998
Camiseta Básica Masculina Flamê Com Decote V Hering,27.0,60% OFF,10.8
Caneta Pencil Wb Compatível C/ iPad Com Palm Rejection 1.0mm,199.0,35% OFF,129.35
Caneta Pencil Wb Compatível C/ iPad Com Palm Rejection 1.0mm,199.0,35% OFF,129.35
Capacete Helt Cross Vision Glass Titanium Fosco C/oculos,532.0,27% OFF,388.36
Carabina Espingarda Pressão Rossi Sport Up 5.5mm + Brinde,613.0,43% OFF,349.41
Carabina Pressão Cbc Ag11 5.5mm + Luneta 4x20 + Porta Chumbo,581.0,38% OFF,360.21999999999997
Carabina Rifle Cbc Jade 5.5 + Luneta + Chumbinho + Capa,557.0,39% OFF,339.77
Carga para aparelho de barbear Mach3 Sensitive 16un Gillette,96.0,23% OFF,73.92
Carrinho De Bebê Spot Voyage - Preto Geo Cor Preto-geo,479.0,25% OFF,359.25
Carrinho De Bebê Toffy 3 Rodas Cinza Mescla Cosco,409.0,30% OFF,286.29999999999995
Carrinho De Bebê Toffy Bege - Cosco Kids,499.0,32% OFF,339.32
Carrinho De Bebê Toffy Cosco - 0 À 15 Kg - Preto Absoluto,416.0,19% OFF,336.96000000000004
Carrinho De Bebê Travel System Reverse Com Bebê Conforto Vermelho Cosco,637.0,32% OFF,433.15999999999997
Carrinho De Passeio Ou Pedal Infantil Triciclo Avespa Maral Cor Pink,256.0,33% OFF,171.51999999999998
Carrinho de Bebê Passeio Tipo Berço Bambinelli Fox Cor Preto,525.0,19% OFF,425.25
Carrinho estilo guarda chuva Multikids Baby Carrinho de Bebê Guarda-Chuva Pocket preto com chassi de cor prateado,299.0,24% OFF,227.24
Carriola Carrinho De Mão Extra Reforçado G22 60l Promoção,282.0,39% OFF,172.02
Casaco Masculino Jaqueta Puffer Bobojaco Corta Vento Frio Nf,108.0,46% OFF,58.32000000000001
Celular Realme C53 128gb Dual Sim 6gb Smartphone Original,869.0,45% OFF,477.95000000000005
Celular Realme Note 50 Dual Sim 128 Gb 4 Gb Ram Smartphone,759.0,45% OFF,417.45000000000005
Celular Samsung Galaxy A55 5G Dual SIM 128GB Rosa 8GB RAM,1770.0,36% OFF no Pix,1132.8
"Celular Samsung Galaxy M15 5g, 6.000mah, Câmera Tripla Até 50mp, 128gb - Azul Claro",999.0,23% OFF,769.23
"Celular Samsung Galaxy M15 5g, 6.000mah, Câmera Tripla Até 50mp, 128gb - Azul Escuro",999.0,23% OFF,769.23
"Celular Samsung Galaxy M15 5g, 6.000mah, Câmera Tripla Até 50mp, 128gb - Cinza",999.0,23% OFF,769.23
Central Multimídia Multilaser Dvd Espelha Ios Android Câmera,149.0,58% OFF,62.580000000000005
Centrífuga De Roupas Bcr15b Cesto Inox 15kg Branca Britânia Cor Branco 220V,465.0,22% OFF,362.7
Cerveja Mexicana Corona Garrafa 330ml Com 6 Unidades,33.0,20% OFF,26.400000000000002
Chaleira Elétrica Pratic Mondial Vermelho/inox 1200w Ce-06-r Cor Vermelho 110V,108.0,36% OFF,69.12
Chaleira Elétrica Térmica Ce-06 Pratic Inox 2 Litros Mondial Cor Preto e Inox 220V,98.0,41% OFF,57.82000000000001
Chapinha de cabelo Lizze Profissional Extreme cinza 220V,398.0,42% OFF no Pix,230.84000000000003
Chapinha de cabelo MQ Professional Hair Styling Max480 Slim Titanium preta 110V/220V,342.0,43% OFF no Pix,194.94000000000003
Chuteira Society Predator Club adidas Lançamento 2024,219.0,42% OFF,127.02000000000001
Chuveiro elétrico de parede Lorenzetti Acqua Ultra Duo branco 6800W 220V,450.0,26% OFF,333.0
Chuveiro elétrico de parede Lorenzetti Duo Shower Quadra Multitemperaturas branco 5500W 127V,232.0,20% OFF,185.60000000000002
Colchão Inflável Casal com inflador Acoplado Multiuso Mor,119.0,37% OFF,74.97
Colchão Inflável Casal com inflador Acoplado Multiuso Mor,119.0,37% OFF,74.97
Colchão Inflável Casal com inflador Acoplado Multiuso Mor,119.0,37% OFF,74.97
Comfort amaciante puro cuidado com fórmula hipoalergênica 5l pro,36.0,71% OFF,10.440000000000001
Comprimido antiparasitário para pulga Boeringer Ingelhein NexGard Antipulgas e Carrapatos Comprimidos para cão de 10kg a 25kg,89.0,20% OFF,71.2
Console Playstation 5 Slim Disk (standard) Bundle Returnal + Ratchet & Clank,3838.0,19% OFF,3108.78
Controle joystick sem fio Microsoft Xbox  Carbon Black preto,380.0,25% OFF,285.0
Controle joystick sem fio Sony PlayStation DualSense CFI-ZCT1W white e black,368.0,26% OFF,272.32
Cooktop 5 Bocas A Gás Dako Supreme Tripla Chama Preto Bivolt 110/220V,638.0,24% OFF,484.88
Cooktop Dako 4 Bocas A Gás Supreme Cor Preto Bivolt,540.0,39% OFF,329.4
Cooktop Fischer 5q Platinium Gás 5 Bocas Escovado - Bivolt Cor Prime 127V/220V,1897.0,29% OFF,1346.87
Cooktop Indução Philco Pct20p Portátil 2 Bocas 8 Potencias Cor Preto 220V,499.0,16% OFF,419.15999999999997
Cooktop Itatiaia Essencial 4 Bocas - Preto,346.0,19% OFF,280.26
Cosco Kids Smart Cadeira Portátil Smart Cor Gelo Cadeira Alimentação Portátil Até 23 Kg,140.0,33% OFF,93.79999999999998
Creatina Monohidratada 1Kg 100% Pura Soldiers Nutrition,195.0,18% OFF,159.9
Creatina Monohidratada 300g - 100% Pura Com Laudo - 3VS Nutrition,68.0,65% OFF,23.799999999999997
Creatina Monohidratada 600g 100% Pura Soldiers Nutrition,114.0,25% OFF,85.5
Creatina Monohidratada 600g 100% Pura Soldiers Nutrition,114.0,25% OFF,85.5
Creatina Monohidratada 600g 100% Pura Soldiers Nutrition,114.0,25% OFF,85.5
Creatina Monohidratada Pote 3000mg 100% Pura  Soldiers Nutrition,62.0,20% OFF,49.6
Creatina Pura 500g  Dark Lab Sabor Without flavor,94.0,16% OFF,78.96
Creatine - Nutrify Sabor Neutro,137.0,21% OFF,108.23
Creatine Black Skull monohidratada pote de 150g,30.0,39% OFF,18.3
Creme Hidratante Cetaphil 453g,65.0,56% OFF,28.599999999999998
Cuba Gourmet Cozinha Aço Inox 304 Com Acessórios 60x42cm Cor Cinza,265.0,30% OFF,185.5
Cuba Pia Cozinha Gourmet Aço Inox 50x40 Tubrax C/ Acessórios,185.0,48% OFF,96.2
Cuba para Cozinha Gourmet Pia Aço Inox com Acessórios Nawa 50 cm e Torneira Gourmet Munim Pingoo.casa,469.0,18% OFF,384.58000000000004
Câmera De Segurança Ip Wifi Full Hd Speeddome A Prova D'água,99.0,26% OFF,73.26
Câmera De Video Wi-fi Full Hd Im7 Full Color Branca Intelbras,512.0,43% OFF no Pix,291.84000000000003
Câmera De Vídeo Inteligente Im4 C Full Hd Intelbras,264.0,47% OFF,139.92000000000002
Câmera Externa Ip Prova D'água Infravermelho Externa Wifi Hd,119.0,55% OFF,53.55
Câmera Externa Wifi Ip Prova D'água Infravermelho Hd,103.0,23% OFF,79.31
Câmera Externa Wifi Ip Prova D'água Infravermelho Hd,103.0,23% OFF,79.31
Câmera Externa Wifi Ip Prova D'água Infravermelho Hd,103.0,23% OFF,79.31
Câmera instantânea Instax Mini 12 com 10 filmes e bolsa branca,502.0,32% OFF,341.35999999999996
Darrow Actine gel de limpieza facial com vitamina C 400gr,56.0,40% OFF no Pix,33.6
Dvd Player D-20 Com Karaokê Mp3 Usb Il Mondial Bivolt,52.0,34% OFF,34.31999999999999
Edredom Sherpa Cobertor E Coberdrom Casal Queen Grosso Cores,139.0,35% OFF,90.35000000000001
Edredom Sherpa Cobertor E Coberdrom Casal Queen Grosso Cores,128.0,35% OFF,83.2
Electrolux ECM25  Cafeteira Elétrica 30 Xícaras Com Timer Cor Granite grey 110V,219.0,27% OFF,159.87
Electrolux Micro-ondas  MTO30 Branco,529.0,18% OFF,433.78000000000003
Electrolux Micro-ondas  MTO30 Branco,529.0,18% OFF,433.78000000000003
Electrolux Micro-ondas  MTO30 Branco,529.0,18% OFF,433.78000000000003
Electrolux Powerspeed STK15 aspirador de pó vertical com fio 1450w 2 em 1 ultra filtro hepa cor cinza 127v,249.0,21% OFF,196.71
"Escada Articulada De Alumínio 12 Degraus 3,50 Metros",438.0,26% OFF,324.12
Escova Secadora Bivolt Advance Pes25sr 4 Em 1 Philco Cor Cinza 110V/220V,129.0,17% OFF,107.07
Escova Secadora Mondial By Juliette 1200w Es-ju-03 Bivolt 110V/220V,162.0,39% OFF,98.82
Escrivaninha Estudo Art Panta Slim Industrial Canela e Preto,268.0,25% OFF,201.0
Esteira Elétrica Athletic Speedy 14km/h Bivolt Suporta 120kg Cor Preto,3079.0,25% OFF,2309.25
Extrator Elétrico Eletrodoméstico 500w Suco Laranja Potente Cor Inox Frequência Frequência: 60Hz,168.0,40% OFF,100.8
Fechadura Digital De Sobrepor Fr 101 Preta Intelbras,373.0,20% OFF,298.40000000000003
Ferro A Vapor Black Decker Fx3900 Desligamento Automático Cor Preto 110V,209.0,23% OFF,160.93
Ferro De Passar Perfectcare Philips Walita Gc6842 2000w 110v Cor Roxo,1199.0,40% OFF,719.4
Ferro De Passar Roupas Black Decker Elétrico Antigo Preto 110v,129.0,19% OFF,104.49000000000001
Fire Tv Stick Controle Remoto Por Voz Alexa Amazon Bivolt Cor Preto Tipo de controle remoto De voz 110V/220V,300.0,34% OFF,197.99999999999997
Fogão  de pé Atlas Atenas Glass  4Q  gás engarrafado 4 queimadores  preto 127V/220V porta com visor 50L,819.0,21% OFF,647.01
Fogão 4 Bocas Preto com Mesa de Vidro e Timer Digital Dako Supreme Black Glass 127V/220V 60 Litros,1288.0,27% OFF,940.24
Fogão Cooktop De Indução Philco 4 Bocas Pct04p Preto 220v,1499.0,25% OFF,1124.25
Fogão Cooktop Fischer 5 Queimadores TC Infinity Gás Mesa Inox Bivolt,1097.0,42% OFF,636.2600000000001
Fogão cooktop gás Itatiaia NG 5 Bocas tripla chama preto 127V/220V,519.0,47% OFF,275.07
Fogão de Embutir 5 Bocas Preto com Mesa de Vidro Dako Supreme Bivolt,1649.0,28% OFF,1187.28
Fogão de pé Atlas Atenas Glass 5 Bocas A Gás Preto 110V/220V porta com visor e Forno de 86.5L,1125.0,26% OFF,832.5
Fone De Ouvido Bluetooth Sem Fio Tws Microfone Todos Celular,38.0,51% OFF,18.62
Fone De Ouvido Bluetooth Sem Fio Tws Microfone Todos Celular,38.0,51% OFF,18.62
Fone De Ouvido Bluetooth Sem Fio Tws Microfone Todos Celular,38.0,51% OFF,18.62
Fone De Ouvido Bluetooth Sem Fio Tws Microfone Todos Celular,38.0,51% OFF,18.62
Fone De Ouvido Bluetooth Sem Fio Tws Microfone Todos Celular,38.0,51% OFF,18.62
Fone De Ouvido Bluetooth Sem Fio Tws Microfone Todos Celular,38.0,51% OFF,18.62
Fone De Ouvido Bluetooth Sem Fio Tws Microfone Todos Celular,38.0,51% OFF,18.62
Fone De Ouvido Bluetooth Sem Fio Tws Microfone Todos Celular,38.0,51% OFF,18.62
Fone De Ouvido Bluetooth Sem Fio Tws Microfone Todos Celular,38.0,51% OFF,18.62
Fone De Ouvido Bluetooth Sem Fio Tws Microfone Todos Celular,38.0,51% OFF,18.62
Fone De Ouvido Bluetooth Sem Fio Tws Microfone Todos Celular,38.0,51% OFF,18.62
Fone De Ouvido Bluetooth Sem Fio Tws Microfone Todos Celular,38.0,51% OFF,18.62
Forno Elétrico 35l Britânia Bfe35 Dupla Resistência Cor Preto 127V,289.0,19% OFF,234.09
Fragmentadora De Papel 18 Folhas 30 Litros Tritura Cartões 110,1267.0,20% OFF,1013.6
Fralda Pampers Pants Ajuste Total Max Xxg 78 Unidades,128.0,32% OFF,87.03999999999999
Fraldas Descartáveis Infantis Confort Sec Com 98 Unidades Tamanho G Pampers,116.0,38% OFF,71.92
Fraldas Descartáveis Premium Care Tamanho XXG Com 56 Unidades Pampers,95.0,49% OFF,48.45
Freezer Horizontal 513l Electrolux (h550) 127V,3315.0,32% OFF,2254.2
Freezer Horizontal Cycle Defrost 143l He150 Electrolux 127v,1632.0,22% OFF,1272.96
Frigideira Tramontina Turim com tampa 16 e 20 cm vermelho,98.0,29% OFF,69.58
Frigobar Pfg85p 5 Níveis Temperatura 68 litros Preto Philco 127v,899.0,18% OFF,737.1800000000001
Fritadeira Air Fry Oven Bfr2100p 12 Litros 1800w Britânia Cor Preto 220V,599.0,34% OFF,395.34
Fritadeira Air Fryer Bfr40pi 5 Litros Britânia 110v Cor Preto e prata,289.0,38% OFF,179.18
"Fritadeira Air Fryer Eaf15 Elétrica 3,2l Preto Electrolux 110V",299.0,30% OFF,209.29999999999998
Fritadeira Air Fryer Mondial New Pratic Af-31 220v,269.0,46% OFF,145.26000000000002
Fritadeira Air Fryer New Pratic Af-31 Preto Mondial 127v,269.0,46% OFF,145.26000000000002
Fritadeira Air Fryer New Pratic Af-31 Preto Mondial 127v,269.0,46% OFF,145.26000000000002
Fritadeira Air Fryer New Pratic Af-31 Preto Mondial 127v,269.0,46% OFF,145.26000000000002
Fritadeira Air Fryer Oven BFR2100 4 em 1 1800W Britânia,599.0,34% OFF,395.34
Fritadeira Air Fryer Oven Philco Pfr2200 4 Em 1 12l 1800w Cor Preta 110V,697.0,36% OFF,446.08
"Fritadeira Air Fryer Pfr15pg Gourmet 4,4l Black Philco 110v",309.0,37% OFF,194.67
"Fritadeira Airfryer Digital Philips Walita 4,1l Ri925 110v Cor Preto",449.0,25% OFF,336.75
Fritadeira Airfryer Série 3000 1400w Ri9201 Preto Philips Walita 110V,359.0,40% OFF,215.4
"Fritadeira Elétrica Air Fryer 3,5l 1500w 127v Multi - Go213 Cor Preta",219.0,33% OFF,146.73
Fritadeira Elétrica Air Fryer Oven Electrolux 12L Digital Grafite Experience 1700W por Rita Lobo EAF90 110V,845.0,23% OFF,650.65
Fritadeira Elétrica Mondial  AFO-12L-BI Forno Oven 12L Cor Preto/Inox 110V,668.0,48% OFF,347.36
Fritadeira Elétrica Mondial  AFO-12L-BI Forno Oven 12L Cor Preto/Inox 110V,668.0,48% OFF,347.36
Fritadeira Elétrica Mondial  AFO-12L-BI Forno Oven 12L Cor Preto/Inox 110V,668.0,48% OFF,347.36
"Fritadeira Elétrica Sem Óleo Air Fryer 5.2l 1500w Wap Airfry Grand Family Com Duplo Revestimento Antiaderente Graystone, Cesto E Grelha Removíveis, Alça Removível, Fácil Limpeza, Cuba 5,2 Litros 127v",369.0,23% OFF,284.13
"Fritadeira Elétrica Sem Óleo Forno AIR FRYER 12L 1800W WAP AIRFRY OVEN DIGITAL com Cesto 4,5L e 2 Grelhas com Duplo Revestimento Antiaderente GrayStone, Bandeja e Porta Removível, Inox, 12 Litros 220V",699.0,29% OFF,496.28999999999996
Fritadeira Oven Fryer 3 Em 1 Ofrt780 12 Litros Preta Oster Cor Preto 220V,699.0,36% OFF,447.36
Fritadeira Sem Óleo Air Fryer 4 L Mondial  Afn-40-bi Preta Cor Preto 220V,329.0,44% OFF,184.24
Fritadeira Sem Óleo Air Fryer 6l Afn-60-bi Mondial Cor Preto 110V,446.0,42% OFF,258.68
Fritadeira Sem Óleo Air Fryer 6l Afn-60-bi Mondial Cor Preto 220V,446.0,42% OFF,258.68
"Fritadeira Sem Óleo Super Cook Fryer Frt410 3,8l Cadence Cor Preto 220V",249.0,45% OFF,136.95000000000002
Furadeira E Parafusadeira De Impacto 1/2 Gsb 183 Li 18v Com Carregador Bivolt Bateria E Maleta Bosch,599.0,22% OFF,467.22
Furadeira Parafusadeira Bateria + Jogo Ferramentas 300 Peças,148.0,25% OFF,111.0
Furadeira Parafusadeira Bateria 12v Hp333dwyx3 Makita,499.0,24% OFF,379.24
Furadeira de impacto Bosch GSB 450 RE 450W 127V,239.0,16% OFF,200.76
Furadeira de impacto Bosch GSB 450 RE 450W 127V,239.0,16% OFF,200.76
Furadeira parafusadeira sem fio de 10mm Wap BPF 12K3 12V + acessório 110V/220V,179.0,18% OFF,146.78
G Tech Ultraneb Desk 2 Cor Branco 100V 240V,118.0,34% OFF,77.88
G-Tech GP400 Branco Medidor De Pressão Arterial Digital,78.0,44% OFF,43.68000000000001
Geladeira RE31 Cycle Defrost 240L Degelo Prático Uma Porta Com Branco Electrolux 127V,1899.0,20% OFF,1519.2
Grand Court Base 2.0 Simp adidas,201.0,32% OFF,136.67999999999998
Grand Court Base 2.0 adidas,201.0,32% OFF,136.67999999999998
Grand Court Base 2.0 adidas,201.0,32% OFF,136.67999999999998
Grand Court Base 2.0 adidas,201.0,32% OFF,136.67999999999998
Grand Court Base 2.0 adidas,201.0,32% OFF,136.67999999999998
Grand Court Base 2.0 adidas,201.0,32% OFF,136.67999999999998
Grand Court Base 2.0 adidas,201.0,32% OFF,136.67999999999998
Grill E Sanduicheira PGR21PI Maxx Clean 1000W Cinza Philco 110V,162.0,21% OFF,127.98
Gtech Medidor De Pressão Arterial Automatico De Braço La800 Cor Branco,110.0,22% OFF,85.8
Halter Dumbbell Regulável 2.5 A 24 Kg - Exercit Esportes Cor Preto,639.0,20% OFF,511.20000000000005
Headset Sem Fio Pulse Elite - Sony Cor Branco,994.0,17% OFF,825.02
Huggies Pacote De Fraldas Supreme Care G Com 136 Unidades Sem gênero,144.0,21% OFF,113.76
Impressora 3x1 Multifuncional Epson Ecotank L3250 Wifi Biv Cor Preto 100V/240V,997.0,27% OFF no Pix,727.81
"Impressora De Etiquetas Elgin L42 Pro, Usb/ethernet, 203dpi Cor Preto 110v/220v",1109.0,16% OFF,931.56
Impressora Elgin I8 Usb Ethernet Guilhotina Cor Preto Voltagem Bivolt 46I8USECKD00,506.0,24% OFF,384.56
Impressora Multifuncional 3 Em 1 Ecotank L3250 Preta Epson Cor Preto Bivolt,993.0,27% OFF no Pix,724.89
Impressora Multifuncional 3 Em 1 Ecotank L3250 Preta Epson Cor Preto Bivolt,993.0,27% OFF no Pix,724.89
Impressora Multifuncional 3 Em 1 Ecotank L3250 Preta Epson Cor Preto Bivolt,993.0,27% OFF no Pix,724.89
Impressora Multifuncional Ecotank L4260 Bivolt Epson Cor Preto,1419.0,17% OFF,1177.77
Impressora Multifuncional HP DeskJet Ink Advantage 2874 Preto 110V/220V,419.0,17% OFF,347.77
Impressora Multifuncional Hp Smart Tank 581 4A8D5A Cor Preto 110V/220V,859.0,21% OFF,678.61
Impressora a cor multifuncional Epson EcoTank L3250 com wifi preta 110V,993.0,27% OFF no Pix,724.89
Impressora a cor multifuncional Epson EcoTank L3250 com wifi preta 110V,993.0,27% OFF no Pix,724.89
Impressora a cor multifuncional Epson EcoTank L3250 com wifi preta 110V,993.0,27% OFF no Pix,724.89
Impressora a cor multifuncional Epson EcoTank L3250 com wifi preta 220V,1022.0,25% OFF no Pix,766.5
Impressora a cor multifuncional Epson EcoTank L3250 com wifi preta 220V,1022.0,25% OFF no Pix,766.5
Impressora a cor multifuncional Epson EcoTank L3250 com wifi preta 220V,1022.0,25% OFF no Pix,766.5
Infinix Smart 7 (5000 mAh) Dual SIM 64 GB coastal green 3 GB RAM,649.0,23% OFF,499.73
Intelbras Video Porteiro ALLO WT7 Lite  Porteiro eletrônico  Preto 110V/220V,1460.0,20% OFF,1168.0
Irrigador oral Multilaser HC037 branco e azul 110V/220V,299.0,31% OFF,206.30999999999997
Jaqueta Puffer Couro  Feminina Gola Alta Com Ziper Botões,165.0,21% OFF,130.35
Jogo De Lençol Solteiro Com Fronha Ponto Palito Em 200 Fios,39.0,23% OFF,30.03
KONTUZ Varal De Chão Grande Varal De Roupas 3 Andares Dobrável Cor Azul,100.0,16% OFF,84.0
KONTUZ Varal De Chão Grande Varal De Roupas 3 Andares Dobrável Cor Azul,100.0,16% OFF,84.0
KONTUZ Varal De Chão Grande Varal De Roupas 3 Andares Dobrável Cor Azul,100.0,16% OFF,84.0
"Kit 10 Cadeiras Iso Fixa Escritorio, Escola, Igreja, Cozinha",861.0,17% OFF,714.63
Kit 10 Cuecas Box Boxer Infantil Atacado Micro Fibra,36.0,46% OFF,19.44
Kit 10 Cuecas Boxer Lupo Cueca Box Algodão Masculina Atacado,179.0,22% OFF,139.62
Kit 10 Cuecas Boxer Lupo Original Box Masculino Microfibra,229.0,25% OFF,171.75
Kit 10 Cuecas Masculinas Boxer Microfibra Polo Wear Sortido,94.0,52% OFF,45.12
Kit 10 Cuecas Masculinas Boxer Microfibra Polo Wear Sortido,94.0,52% OFF,45.12
Kit 10 Cuecas Masculinas Boxer Microfibra Polo Wear Sortido,94.0,52% OFF,45.12
Kit 10 Cuecas Masculinas Boxer Microfibra Polo Wear Sortido,94.0,52% OFF,45.12
Kit 10 Cuecas Masculinas Boxer Microfibra Polo Wear Sortido,94.0,52% OFF,45.12
Kit 10 Cuecas Masculinas Boxer Microfibra Polo Wear Sortido,94.0,52% OFF,45.12
Kit 10 Cuecas Masculinas Boxer Microfibra Polo Wear Sortido,94.0,52% OFF,45.12
Kit 10 Cuecas Masculinas Boxer Microfibra Polo Wear Sortido,94.0,52% OFF,45.12
Kit 10 Cuecas Masculinas Boxer Microfibra Polo Wear Sortido,94.0,52% OFF,45.12
Kit 10 Cuecas Masculinas Boxer Microfibra Polo Wear Sortido,94.0,52% OFF,45.12
Kit 10 Cuecas Masculinas Boxer Microfibra Polo Wear Sortido,94.0,52% OFF,45.12
Kit 10 Cuecas Masculinas Boxer Microfibra Polo Wear Sortido,94.0,52% OFF,45.12
Kit 10 Cuecas Masculinas Boxer Microfibra Polo Wear Sortido,94.0,52% OFF,45.12
Kit 10 Lâmpada Led 15w 6500k Luz Branco Frio - Elgin Luz Branco-frio 110V/220V,38.0,20% OFF,30.400000000000002
Kit 10 Pares Meia Lupo Cano Médio Masculina Atacado Original,114.0,23% OFF,87.78
Kit 10 Pares Meias Lupo Masculina Soquete Atacado Original,98.0,28% OFF,70.56
Kit 15 Calcinhas Fio Dental Kyron Fio Duplo Empina Bumbum,60.0,31% OFF,41.4
Kit 2 Câmera Ip Wifi Dome Rotativa Visão Noturna A8 Cor Branco,196.0,20% OFF,156.8
Kit 2 Câmera Ip Wifi Dome Rotativa Visão Noturna A8 Cor Branco,196.0,20% OFF,156.8
Kit 2 Câmera Ip Wifi Dome Rotativa Visão Noturna A8 Cor Branco,196.0,20% OFF,156.8
Kit 3 Lâmpada Filamento Led Decorativa Retrô Vintage Âmbar Cor Da Luz Branco-quente 110v/220v,36.0,39% OFF,21.96
Kit 4 Refil Tinta Para Epson T544 L3110 L3250 L3150 B Y C M Tinta Colors,102.0,59% OFF,41.82
Kit 5 Camisetas Básicas Masculina Dry Fit Lisa Tradicional,59.0,24% OFF,44.84
Kit 5 Camisetas Básicas Masculina Dry Fit Lisa Tradicional,59.0,24% OFF,44.84
Kit 5 Camisetas Básicas Masculina Dry Fit Lisa Tradicional,59.0,24% OFF,44.84
Kit 5 Camisetas Básicas Masculina Dry Fit Lisa Tradicional,59.0,24% OFF,44.84
Kit 5 Camisetas Básicas Masculina Dry Fit Lisa Tradicional,59.0,24% OFF,44.84
Kit 5 Camisetas Básicas Masculina Dry Fit Lisa Tradicional,59.0,24% OFF,44.84
Kit 5 Camisetas Básicas Masculina Dry Fit Lisa Tradicional,59.0,24% OFF,44.84
Kit 5 Camisetas Básicas Masculina Dry Fit Lisa Tradicional,59.0,24% OFF,44.84
Kit 5 Camisetas Básicas Masculina Dry Fit Lisa Tradicional,59.0,24% OFF,44.84
Kit 5 Camisetas Básicas Masculina Dry Fit Lisa Tradicional,59.0,24% OFF,44.84
Kit 5 Camisetas Básicas Masculina Dry Fit Lisa Tradicional,59.0,24% OFF,44.84
Kit 5 Camisetas Básicas Masculina Dry Fit Lisa Tradicional,59.0,24% OFF,44.84
Kit 5 Camisetas Básicas Masculina Dry Fit Lisa Tradicional,59.0,24% OFF,44.84
Kit 5 Refletor Led Smd 100w Holofote Bivolt Ip66 Frio,107.0,40% OFF,64.2
Kit 8 Cadeiras Allegra Master Preta Sala Cozinha Jantar Waw Design,1157.0,27% OFF,844.61
Kit C/12 Utensílios De Cozinha Silicone Cabo Madeira,47.0,39% OFF,28.669999999999998
Kit Com 10 Calcinhas Tanga Sem Costura Corte Laser Atacado,53.0,40% OFF,31.799999999999997
Kit Com 10 Cuecas Boxer Algodão Cotton Masculina Adulto Mash,164.0,17% OFF,136.12
Kit Com 10 Cuecas Slip Go Tagless Masculina Zorba,149.0,25% OFF,111.75
Kit Com 3 Camisetas Masculinas Básicas Hering,84.0,39% OFF,51.24
Kit Com 4 Cuecas Boxer Sem Costura Algodão Confortável Zorba,68.0,40% OFF,40.8
Kit Com 5 Camisetas Masculinas Básicas Hering,144.0,39% OFF,87.84
"Kit Completo Aerografia Mini Compressor Ar + Aerógrafo 0,3mm",248.0,37% OFF,156.24
Kit Câmera Ip Icsee Hd 1080p Com Cartão De Memória 64gb Cor Branco,128.0,33% OFF,85.75999999999999
Kit Jogo De Ferramentas Completo C/ Soquetes E Chaves,142.0,20% OFF,113.60000000000001
Kit Lixadeira Esmerilhadeira Prof. 4.1/2 + Jogo De Soquete,168.0,25% OFF,126.0
Kit Meias Lupo Sport 6 Pares Cano Médio Algodão Maculino,59.0,22% OFF,46.02
Kit Motor Portao Eletronico Garen 1/4hp 400kg 2controles 3m,331.0,21% OFF,261.49
Kit Upgrade  I5 4570 + Placa H81 1150 + 8gb Ddr3,471.0,40% OFF,282.59999999999997
Lanterna Tática Mais Forte Do Mundo T9 Potente Led Cree Usb,82.0,16% OFF,68.88
Lava-Roupas Pó Omo Perfect White Pacote 4kg,49.0,65% OFF,17.15
Lavadora De Alta Pressão 1500w 1750psi Wap Ousada Plus 2200 110V,489.0,26% OFF,361.86
Lavadora De Alta Pressão 1500w 1750psi Wap Ousada Plus 2200 110V,489.0,26% OFF,361.86
Lavadora De Alta Pressão 1500w 1750psi Wap Ousada Plus 2200 110V,489.0,26% OFF,361.86
Lavadora De Alta Pressão 1740 Libras K2 Plus Turbo Karcher Cor Amarelo/Preto 220V,492.0,21% OFF,388.68
Lavadora De Alta Pressão 1750psi Wap Ousada Plus 2200 220v,529.0,41% OFF,312.11000000000007
Lavadora De Alta Pressão Kärcher Compacta 1500psi 1400w Cor Amarelo 110V,359.0,19% OFF,290.79
Lavadora De Alta Pressão Kärcher Compacta 1500psi 1400w Cor Amarelo/Preto 220V,379.0,24% OFF,288.04
Lavadora De Alta Pressão Wap Ousada Wl 2600 1500w 1750psi,489.0,16% OFF,410.76
Lavadora Essencial Care - Top Load 11kg Electrolux 220v,1699.0,27% OFF,1240.27
Lavadora de Alta Pressão Wap Profissional Semi Intensivo Extreme Turbo 2800 60Hz 360L/h 1900W 2450psi 127V,1247.0,26% OFF,922.78
Lenços Umedecidos Huggies Max Clean Lv 4 Pg 3 - 192 Unidades,32.0,45% OFF,17.6
Liquidificador Blq1380p Pro Maxx 6 Inox 3l 1200w Britânia Cor Preto 110V,139.0,42% OFF,80.62
Liquidificador Série 5000 Philips Walita 1200w Ri2240 110v Cor Preto,219.0,32% OFF,148.92
Liquidificador Série 5000 Philips Walita 1400w ri2244 220v Cor Cinza,345.0,24% OFF,262.2
Litet BB456 cadeira para auto 0-36kg mass preta cor preto liso,698.0,21% OFF,551.4200000000001
Lizze Chapinha de cabelo Profissional Extreme cinza 127V,417.0,19% OFF no Pix,337.77000000000004
Loção hidratante Cerave Com Ácido Hialurônico Sem Perfume 473ml,104.0,25% OFF,78.0
Luvas descartáveis Talge cor natural tamanho  M de látex com pó em kit de 10 x 1000 unidades,196.0,20% OFF,156.8
"Manta Líquida Impermeabilizante Infiltração Laje Telha 3,6kg",52.0,33% OFF,34.839999999999996
Medidor De Fluxo Digital Hidrômetro Diesel Água Químicos K24,166.0,30% OFF,116.19999999999999
Mesa De Som Taramps T0302 3 Canais Equalizador T 0302 Mixer 4 Bandas Crossover Som Automotivo,269.0,24% OFF,204.44
Mesa Dobrável Nagano Portátil Vira Maleta 1.80m 200kg Camping Pra,299.0,24% OFF,227.24
Micro-ondas 20l Branco Porta Preta Minuto Fácil Midea 110V,529.0,24% OFF,402.04
Micro-ondas Consul 20 Litros Branco Cma20bbana - 127v,571.0,43% OFF,325.47
Micro-ondas Efficient 23 Litros Me23b Branco Electrolux 110v,539.0,32% OFF,366.52
Micro-ondas Efficient 23 Litros Me23b Branco Electrolux 110v,539.0,32% OFF,366.52
Micro-ondas Efficient 23 Litros Me23b Branco Electrolux 110v,539.0,32% OFF,366.52
Micro-ondas Efficient 23 Litros Me23b Branco Electrolux 220v,539.0,32% OFF,366.52
Micro-ondas Electrolux 20 Litros Função Tira Odor Branco Mto 220V,529.0,18% OFF,433.78000000000003
Micro-ondas Electrolux de bancada Branco com Função Tira Odor e Manter Aquecido 34L MEO44 127v,669.0,16% OFF,561.9599999999999
Micro-ondas Electrolux de bancada Branco com Função Tira Odor e Manter Aquecido 34L MEO44 127v,669.0,16% OFF,561.9599999999999
Micro-ondas Electrolux de bancada Branco com Função Tira Odor e Manter Aquecido 34L MEO44 127v,669.0,16% OFF,561.9599999999999
Micro-ondas Me23s 23l Efficient Com Descongelamento Assistido Cor Inox Electrolux 127V,579.0,17% OFF,480.57
Micro-ondas Me23s 23l Efficient Com Descongelamento Assistido Cor Inox Electrolux 127V,579.0,17% OFF,480.57
Micro-ondas Me23s 23l Efficient Com Descongelamento Assistido Cor Inox Electrolux 127V,579.0,17% OFF,480.57
Micro-ondas Me36b Efficient 36 Litros Branco Electrolux 110V,779.0,21% OFF,615.4100000000001
"Micro-ondas Mondial 1200w, Mo-01-21-b Preto 110V",489.0,28% OFF,352.08
Micro-ondas Philco 20 L Pmo23bb Multifunções Branco 110v,579.0,27% OFF,422.67
Micro-ondas Philco 20 L Pmo23bb Multifunções Branco 110v,579.0,27% OFF,422.67
Micro-ondas Philco 20l Branco 1100w Pmo23bb Limpa Fácil 220v,491.0,24% OFF,373.16
Micro-ondas Philco 20l Branco 1100w Pmo23bb Limpa Fácil 220v,491.0,24% OFF,373.16
Micro-ondas Philco 20l Branco 1100w Pmo23bb Limpa Fácil 220v,491.0,24% OFF,373.16
Micro-ondas Philco 25l Pm26 Limpa Fácil 1100w 110V,499.0,16% OFF,419.15999999999997
Micro-ondas Philco Pmo23e 20l Espelhado 1100w Tira Odor 110v 127V,508.0,27% OFF,370.84
Micro-ondas Pmo34eb Espelhado 34 Litros Branco Philco 220V,624.0,21% OFF,492.96000000000004
Micro-ondas Prata 23l Efficient Me23s Electrolux 220V,579.0,17% OFF,480.57
Micro-ondas Prata 23l Efficient Me23s Electrolux 220V,579.0,17% OFF,480.57
Micro-ondas Prata 23l Efficient Me23s Electrolux 220V,579.0,17% OFF,480.57
"Microfone de Lapela Sem Fio Duplo Hollyland Lark M1 Duo Anti-Ruído Compatível com Câmera, iPhone, Android, PC",849.0,22% OFF,662.22
Microsoft 365 Personal,149.0,40% OFF,89.39999999999999
Mini Desumidificador Elétrico 127-220v Antimofo 500ml Tubrax,219.0,40% OFF,131.4
Mixer Power Premium M-10 500w Vermelho/inox Mondial 110v,164.0,48% OFF,85.28
Mochila Bolsa Masculina Notebook Reforçada Impermeável Usb,134.0,21% OFF,105.86
Modulo Taramps Ds800x4 Amplificador 800w 2 Ohms Ds 800x4 Potencia 800 4 Canais Som Automotivo,417.0,17% OFF,346.10999999999996
Mola Aérea Para Fechamento De Portas Automática Nove54 Prata,63.0,19% OFF,51.03
Moletom Liso Algodão Unissex Blusa De Frio Canguru Flanelado,62.0,21% OFF,48.980000000000004
Mondial  Cozinha  4675-02 AFN-40-BFT Preto 220v,337.0,40% OFF,202.2
Mondial  Cozinha 4675-02 AFN-40-BFT Preto 110V,337.0,40% OFF,202.2
Mondial  Family Inox  AFN40  Black Inox,329.0,44% OFF,184.24
Mondial passadeira a vapor Vp-07 2L 1800W branco e azul 220V,428.0,42% OFF,248.24000000000004
Monitor 23.8 Full Hd Ips Amd Freesync 24mp400 Preto LG 110V/220V,624.0,43% OFF,355.68000000000006
"Monitor 24b1xhm Adaptive sync 23,8"" Widescreen VA 75hz Preto AOC 110V/220V",599.0,20% OFF,479.20000000000005
"Monitor AOC Serie 70 E2270SWHEN led 21.5"" preto 100V/240V",486.0,23% OFF,374.22
"Monitor Gamer Samsung T350 24” FHD, Tela Plana, 75Hz, 5ms, HDMI, FreeSync, Game Mode",639.0,28% OFF,460.08
"Monitor Gamer Ultrawide 25,7'' Ips Full Hd 26wq500-b LG",734.0,18% OFF,601.88
Mor Barraca Camping 409033 para até 4 pessoas iglu,119.0,40% OFF,71.39999999999999
Motorola Edge 40 Neo 5G Dual SIM 256 GB Caneel bay 8 GB RAM,1899.0,25% OFF,1424.25
Motorola Edge 40 Neo 5G Dual SIM 256 GB preto 8 GB RAM,1799.0,35% OFF no Pix,1169.3500000000001
Motorola Moto G04 128GB Grafite 4GB RAM,699.0,17% OFF,580.17
Motorola Moto G24 128GB Grafite 8GB RAM,718.0,28% OFF no Pix,516.96
Motorola Moto G24 128GB Rosa 4GB RAM,729.0,27% OFF no Pix,532.17
Motorola Moto G24 128GB Verde 4GB RAM,729.0,27% OFF no Pix,532.17
Motorola Moto G34 5G 256 GB Verde 8 GB RAM,1061.0,30% OFF,742.6999999999999
Motorola Moto G34 5G Dual Sim 128 GB Preto 4 GB RAM,899.0,30% OFF no Pix,629.3
Motorola Moto G54 5G 256 GB Azul 8 GB RAM,1179.0,21% OFF,931.4100000000001
Motorola Moto G54 5G 256 GB Azul 8 GB RAM,1179.0,21% OFF,931.4100000000001
Motorola Moto G54 5G 256 GB Azul 8 GB RAM,1179.0,21% OFF,931.4100000000001
Motorola Moto G54 5G 256 GB Verde 8GB RAM,1229.0,33% OFF,823.43
Motorola Moto G54 5G 256 GB azul 8 GB RAM,1111.0,38% OFF no Pix,688.82
Motorola Moto G84 5G 256 GB Viva Magenta 8 GB RAM,1363.0,31% OFF no Pix,940.4699999999999
Motorola Moto G84 5G 256GB Azul Vegan Leather 8 GB RAM,1365.0,31% OFF no Pix,941.8499999999999
Motorola Moto G84 5G 256GB Grafite 8GB RAM,1459.0,17% OFF,1210.97
Motorola Moto G84 5G 256GB Grafite 8GB RAM,1459.0,17% OFF,1210.97
Mountain bike GTS PRO M5 Urban aro 29 21 câmbios Shimano cor preto/azul-celeste/laranja,909.0,18% OFF,745.3800000000001
Multifuncional Ecotank Duplex Wi-fi L6270 Preta Epson Cor Preto 110V/220V,2177.0,20% OFF,1741.6000000000001
Multilaser E Lite 2 Dual SIM 32 GB preto 1 GB RAM,182.0,42% OFF,105.56000000000002
Multimídia Android Corolla 2009-2013 9 Polegadas + Câmera,796.0,26% OFF,589.04
Multiprocessador PMP1600P 9 Em 1 1700W Philco 110v,355.0,36% OFF,227.20000000000002
Multiprocessador Philco All In One Citrus 800w Cor Preto 127V,278.0,20% OFF,222.4
Multivitamínico Growth Supplements 120 Caps 700mg Original,50.0,20% OFF,40.0
Máquina De Cortar Cabelo Fazer Barba Acabamento Dragão,28.0,42% OFF,16.240000000000002
Máquina De Lavar Bwk13ab 13kg Branca Brastemp Cor Branco 110V,1939.0,22% OFF,1512.42
Máquina De Lavar Ciclo Edredom Cwh12bb 12kg Branco Consul 110V,1799.0,35% OFF,1169.3500000000001
Máquina De Lavar Panasonic 12 Kg Branca Na-f120b1w Cor Branco 127V,1889.0,21% OFF,1492.3100000000002
Máquina De Lavar Panasonic 12 Kg Branca Na-f120b1w Cor Branco 127V,1889.0,21% OFF,1492.3100000000002
Máquina De Lavar Roupas Automática Colormaq 12kg 220V,1499.0,16% OFF,1259.1599999999999
Máquina Solda Inversora 130a Mma Tin130 220v Trato Cor Verde-escuro,262.0,29% OFF,186.01999999999998
Máquina Solda Inversora 160a Mma Tiglift Tin160 Bivolt Trato Cor Verde-escuro 110V/220V (Bivolt),369.0,26% OFF,273.06
"Máquina de Lavar 12kg Electrolux Turbo Economia, Silenciosa com Cesto Inox e Jet&Clean LAC12 220v",1899.0,17% OFF,1576.1699999999998
Máquina de Lavar 14kg Electrolux Essential Care Cesto Inox 127v,1957.0,32% OFF,1330.76
Máquina de Lavar Automática Essential Care LED17 Branca 17kg Electrolux 127V,2299.0,33% OFF,1540.33
Máquina de lavar Roupas Automática Colormaq LCA - 12kg 127 V,1499.0,16% OFF,1259.1599999999999
Máquina de lavar semi-automática Colormaq Ecomax LCS - 10kg prata 127 V,580.0,17% OFF,481.4
Máquina de lavar semi-automática Colormaq LCS - 10kg branca 127 V,580.0,17% OFF,481.4
"Módulo Aéreo 1,20m Suspenso Armário Parede Cozinha Balcão",200.0,25% OFF,150.0
Nebulizador Compressor G Tech Compact Dc1 Branco 100V 240V,84.0,20% OFF,67.2
Nebulizador Inalador Tecnologia Mesh Rede Vibratória Relaxmedic Cor Branco 110V/220V,287.0,20% OFF,229.60000000000002
Nintendo Switch OLED 64GB Standard cor  branco e preto,2049.0,26% OFF,1516.26
Notebook Acer A315-24p-r611 R5 8gb 256gb Ssd 15.6'' W11h Cor Prateado,2479.0,27% OFF,1809.6699999999998
"Notebook Acer Aspire 5 A515-57-55b8 Intel Core I5 8gb 256gb SSD 15,6'' W11",2789.0,35% OFF,1812.8500000000001
Notebook Asus Vivobook Pentium Gold 7505 4gb 128ssd W11 Fhd,1759.0,19% OFF,1424.7900000000002
Notebook Dell Inspiron I15-i120k-a10p 15.6 I3 8gb 256gb W11,2649.0,44% OFF,1483.44
Notebook Galaxy Book2 intel core i7-1255U 8GB RA SSD 512GB 15.6 Full HD Windows 11 grafite NP550XED-KS2BR,3699.0,38% OFF,2293.38
Notebook Gamer Nitro V15 Anv15-51-57ws I5 Lx 8gb 512gb Ssd,4599.0,23% OFF,3541.23
Notebook Lenovo Core I3-1115g4 8gb 256gbssd 15 W11,2279.0,32% OFF no Pix,1549.7199999999998
Notebook Lenovo Ideapad 1 Intel Core I3-1215u 15.6  Intel Uhd Graphics 128gb Ssd 4gb Ram Linux,1799.0,33% OFF,1205.33
Notebook Lenovo Ideapad 1i Core I3 4gb 256gb 15.6'' W11,2089.0,45% OFF no Pix,1148.95
Notebook Lenovo Ideapad 1i Intel Core I5-1235u 8gb 512gb 15.6'' W11,2754.0,23% OFF no Pix,2120.58
Notebook Lenovo Ideapad 3i Celeron 4gb 128gb Ssd W11 15.6 Cor Prateado,1832.0,34% OFF no Pix,1209.12
Notebook Lenovo Ideapad 3i Celeron 4gb 128gb Ssd W11 15.6 Cor Prateado,1832.0,34% OFF no Pix,1209.12
Notebook Lenovo Ideapad Celeron 4gb 128ssd 15.6 W11 C/office Cor Cinza,1799.0,32% OFF,1223.32
Notebook Lenovo Ideapad Celeron 4gb 128ssd 15.6 W11 C/office Cor Cinza,1799.0,32% OFF,1223.32
Notebook Multi Ultra Celeron N4020c 4gb 128gb W11 14'' Cinza,1186.0,46% OFF no Pix,640.44
Notebook Positivo Master N1250 Pentium N5030 4gb 128gb W11 Cor Cinza,1299.0,21% OFF,1026.21
Notebook Positivo Vision C15 Lumina Bar Intel 4GB 128GB HDD 15” HD W11,1386.0,22% OFF,1081.08
"Notebook Samsung Chromebook Intel Dual-core, 4gb, 32gb 11.6",1199.0,29% OFF,851.29
Notebook Samsung Galaxy Book2 I5-1235u Windows 11 Home 8gb 256gb Ssd Grafite,2829.0,39% OFF,1725.69
Notebook Samsung Galaxy Book2 I5-1235u Windows 11 Home 8gb 256gb Ssd Grafite,2829.0,39% OFF,1725.69
Notebook Samsung Galaxy Book2 I5-1235u Windows 11 Home 8gb 256gb Ssd Grafite,2829.0,39% OFF,1725.69
"Notebook Samsung Galaxy Book2, Intel Core I3-1215U, 4GB, 256GB SSD, Windows 11 Home, Tela 15.6"" - NP550XED-KT3BR",2212.0,30% OFF no Pix,1548.3999999999999
Notebook Vaio Fe15 Intel Core I5-1135g7 Linux 8gb 256gb Ssd Cor Cinza/Grafite,2374.0,31% OFF no Pix,1638.06
Olympikus Treino Volcan Masculino Adultos,138.0,30% OFF,96.6
Olympikus Treino Volcan Masculino Adultos,138.0,30% OFF,96.6
Olympikus Treino Volcan Masculino Adultos,138.0,30% OFF,96.6
Omega 3 Epa E Dha Vitafor 120 Capsula - Original Selo Ifos,101.0,21% OFF,79.79
Omegafor Plus 240 capsulas Ômega 3 Ultra Concentrado EPA DHA Vitafor,223.0,20% OFF,178.4
Oxímetro Digital Portátil De Dedo Oled Graph G-tech,89.0,47% OFF,47.17
Oxímetro Digital Portátil De Dedo Oled Graph G-tech,89.0,47% OFF,47.17
Oxímetro Pediátrico G-tech,113.0,48% OFF,58.760000000000005
Pacote De Fraldas Confort Sec Xg Com 62 Unidades Pampers Gênero Sem gênero Tamanho Extra grande (XG),89.0,43% OFF,50.730000000000004
Painel Para Tv Até 55 Polegadas Com Espelho E Lateral Ripada Cor Off White/Naturale,331.0,26% OFF no Pix,244.94
"Panela De Pressão 20 Cm 4,5l Tramontina Vancouver Alumínio Cor Vermelho",194.0,21% OFF,153.26000000000002
Panela De Pressão Elétrica Digital 3 Litros Mondial 110v,386.0,42% OFF,223.88000000000002
Panela De Pressão Elétrica Pcc20 6l Inox Preta Electrolux Frequência 60 Hz 110V,529.0,28% OFF,380.88
Panificadora Automática Master Bread Npf-54 700w Mondial Cor Branco 110V,499.0,19% OFF,404.19000000000005
Parafusadeira Furadeira 12v Bivolt Pfe 12ev Maleta Kit Evald 110V/220V,154.0,17% OFF,127.82
Parafusadeira Furadeira 21v Bivolt 2 Baterias Profissional,289.0,22% OFF,225.42000000000002
Parafusadeira Furadeira Sem Fio Bateria 12v P/ Madeira Metal Cor Amarelo/Preto Frequência 60 110V/220V,159.0,23% OFF,122.43
Parafusadeira Furadeira Sem Fio Bateria 12v P/ Madeira Metal Cor Amarelo/Preto Frequência 60 110V/220V,159.0,23% OFF,122.43
Parafusadeira Furadeira Sem Fio Bateria 12v P/ Madeira Metal Cor Amarelo/Preto Frequência 60 110V/220V,159.0,23% OFF,122.43
Parafusadeira e Furadeira a Bateria 12v Bivolt Pfv120 Vonder com 1 Bateria,189.0,19% OFF,153.09
Passadeira A Vapor Portátil Vp-09 Fast Steam Branco Mondial 110V,151.0,39% OFF,92.11
Passadeira A Vapor Vip Care Vp-07 2l 1800w Branco e Azul Mondial 110V,428.0,42% OFF,248.24000000000004
Pc Computador Completo Intel I7 16gb Ssd 480gb Monitor 19,1620.0,16% OFF,1360.8
"Pc Gamer Completo Mancer, Amd Ryzen 5, 16gb Ddr4, Ssd 480gb",2879.0,29% OFF,2044.09
Perfume Idôle Lancôme Eau de Parfum 100ml - Original,489.0,38% OFF no Pix,303.18
"Perfurador De Solo C/broca 52cc 2,5hp C/3 Brocas + Extensão",915.0,26% OFF,677.1
Philco  PMO23EB Branco 220V,554.0,20% OFF,443.20000000000005
Pilha Recarregável Aa Pequena 2500mah Duracell Com 4 Un,104.0,19% OFF,84.24000000000001
Pipoqueira Elétrica Popflix Pp-04 Ar Quente Branca Mondial Cor Branco 110V,155.0,29% OFF,110.05
Piscina 1.000 Litros Mor,145.0,46% OFF,78.30000000000001
"Pistola De Pintura Wap Epp400 Pulverizadora Elétrica Para a Pintura de Portas, Janelas, Tetos, Paredes, Para Diversos Tipos de Fluidos Como Tintas a Base D'água, Látex e Óleo, Vernizes 400W",349.0,30% OFF,244.29999999999998
"Plástico P/ Plastificação Mares A4 220x307 0,05 100 Unidades",58.0,40% OFF,34.8
Pneu Moto Maggion Aro 18 Winner 90/90-18 57p Tt - Traseiro x 1 unidade,152.0,19% OFF,123.12
Pneu Sunfull Aro14 Sf-600 185/60r14 82h,238.0,27% OFF,173.74
Pneus 140/70-17 + 110/70-17 Pirelli Diablo Rosso 3 Ns200,1097.0,25% OFF,822.75
Politriz Angular Automotiva 7 Polegadas 1200w 1000-4200rpm 220v Bpa1200 The Black Tools,280.0,25% OFF,210.0
Poltrona Maca Fixa Estética Luxo 2 Gavetas Estek Clínica,2264.0,24% OFF,1720.64
Prancha De Cabelo Taiff - Elegance Red Íon 200ºc Bivolt Cor Preto 110V/220V,179.0,28% OFF,128.88
Prancha Lizze Chapinha Extreme Profissional 480ºf Salão Cor Cinza 110V,417.0,40% OFF no Pix,250.2
Presente Colar Feminino Prata 925 Esposa Namorada Noiva Amor Cor Colar Coração Gtz,114.0,20% OFF,91.2
Press Grill Master Press 1000w Pg-01-rc Vermelho Mondial 110V,149.0,29% OFF,105.78999999999999
Protetor solar facial anti-idade Anthelios Hydraox Fps 60 50 ml La Roche-posay,66.0,32% OFF,44.879999999999995
Quarta Divisão Móveis Guarda Roupa Solteiro Capri 2 Portas 6 Gav C/ Espelho Cor Onix,594.0,25% OFF,445.5
Realme Note 50 Dual SIM 128 GB Azul 4 GB RAM,712.0,35% OFF,462.8
Refrigerador Electrolux Cycle Defrost DC35A Cor Branco 110V,2399.0,23% OFF,1847.23
Relaxmedic RM-BD0015A 180kg branco 31x31cm,809.0,37% OFF,509.67
Relógio Champion Feminino Dourado Kit Colar Brincos Original Cor Do Fundo Branco3,238.0,20% OFF,190.4
Relógio de pulso Champion CN25118 com corria de aço inoxidável cor dourado - fondo branco,241.0,19% OFF,195.21
Remo Madeira Sala Artesanal Prime Kit 2 Oferta,163.0,22% OFF,127.14
Repetidor De Sinal Tl-wa850re Wi-fi 300mbps Branco Tp-link 100V/240V,118.0,16% OFF,99.11999999999999
Robô Aspirador Robot W90 Varre Aspira E Passa Pano 30w Wap Cor Preto 110V/220V,329.0,39% OFF,200.69
Roteador Archer C6 Wi-Fi Gigabit Dual Band AC1300 TP-Link Bivolt,229.0,16% OFF,192.35999999999999
"Roteador Tp-link Ax1800, Wi-fi 6, Dual Band Gigabit-ex220 Cor Preto",259.0,26% OFF,191.66
Roçadeira Vulcan Trent VR520H,729.0,23% OFF,561.33
Sabão Liquido Omo Pro Lavanderia Profissional 7 L,75.0,24% OFF,57.0
Safety 1st Multifix cadeira para auto 0 á 36kg Black,840.0,43% OFF,478.80000000000007
Samsung Galaxy A05 Dual SIM 128 GB Preto 4 GB RAM,799.0,40% OFF,479.4
Samsung Galaxy A05 Dual SIM 128 GB Preto 4 GB RAM,799.0,40% OFF,479.4
Samsung Galaxy A05 Dual SIM 128 GB prateado 4 GB RAM,799.0,40% OFF,479.4
Samsung Galaxy A05 Dual SIM 128 GB verde 4 GB RAM,799.0,40% OFF,479.4
Samsung Galaxy A15 128gb Azul-escuro 4gb RAM Tela 6.5 90hz 5G Dual SIM,929.0,38% OFF,575.98
Samsung Galaxy A15 128gb Azul-escuro 4gb RAM Tela 6.5 90hz 5G Dual SIM,929.0,38% OFF,575.98
Samsung Galaxy A15 128gb Azul-escuro 4gb RAM Tela 6.5 90hz 5G Dual SIM,929.0,38% OFF,575.98
Samsung Galaxy A15 4G Dual SIM 128 GB Azul claro 4 GB RAM,859.0,32% OFF,584.1199999999999
Samsung Galaxy A15 4G Dual SIM 128 GB Azul claro 4 GB RAM,859.0,32% OFF,584.1199999999999
Samsung Galaxy A15 4G Dual SIM 128 GB Azul claro 4 GB RAM,859.0,32% OFF,584.1199999999999
Samsung Galaxy A15 4G Dual SIM 128 GB Azul escuro 4 GB RAM,839.0,30% OFF,587.3
Samsung Galaxy A15 4G Dual SIM 128 GB Azul escuro 4 GB RAM,839.0,30% OFF,587.3
Samsung Galaxy A15 4G Dual SIM 128 GB Azul escuro 4 GB RAM,839.0,30% OFF,587.3
Samsung Galaxy A15 4G Dual SIM 256GB Verde claro 8GB RAM,1069.0,37% OFF,673.47
Samsung Galaxy A15 4G Dual SIM 256GB Verde claro 8GB RAM,1069.0,37% OFF,673.47
Samsung Galaxy A15 4G Dual SIM 256GB Verde claro 8GB RAM,1069.0,37% OFF,673.47
Samsung Galaxy A15 5G 5G 128 GB azul-escuro 4 GB RAM,999.0,36% OFF,639.36
Samsung Galaxy A15 5G Dual SIM 128GB Azul Claro 4GB RAM,929.0,38% OFF,575.98
"Samsung Galaxy A15 5G Tela de 6.5"" 90Hz 256GB Dual Chip Azul Claro",1259.0,37% OFF,793.17
Samsung Galaxy A15 Dual SIM 4G 256GB Azul claro 8GB RAM,1078.0,28% OFF,776.16
Samsung Galaxy A15 Dual SIM 4G 256GB Azul escuro 8GB RAM,1078.0,28% OFF,776.16
Samsung Galaxy A15 Dual SIM 4G 256GB Azul escuro 8GB RAM,1078.0,28% OFF,776.16
Samsung Galaxy A15 Dual SIM 4G 256GB Azul escuro 8GB RAM,1078.0,28% OFF,776.16
Samsung Galaxy A15 Dual SIM 5G 256GB Azul-escuro 8GB RAM,1265.0,20% OFF,1012.0
Samsung Galaxy A24 128 GB preto 4 GB RAM,1099.0,26% OFF,813.26
Samsung Galaxy A25 5G Dual SIM 256 GB azul 8 GB RAM,1394.0,30% OFF,975.8
Samsung Galaxy A25 5G Dual SIM 256GB Azul-escuro 8GB RAM,1399.0,39% OFF,853.39
Samsung Galaxy A25 5g Dual SIM 256GB Verde claro 8GB RAM,1323.0,42% OFF no Pix,767.3400000000001
Samsung Galaxy A34 5G 128GB Preto 6GB RAM,1322.0,49% OFF no Pix,674.22
Samsung Galaxy A35 5G 5G Dual SIM 128 GB Azul-claro 6 GB RAM,1480.0,40% OFF no Pix,888.0
Samsung Galaxy A35 5G 5G Dual SIM 128 GB azul-escuro 6 GB RAM,1480.0,40% OFF no Pix,888.0
Samsung Galaxy A35 5G Dual SIM 128 GB Rosa 6 GB RAM,1480.0,40% OFF no Pix,888.0
Samsung Galaxy A35 5G Dual SIM 256 GB Rosa 8 GB RAM,1797.0,35% OFF no Pix,1168.05
Samsung Galaxy A54 5g 128gb 8gb Branco,1748.0,38% OFF,1083.76
Samsung Galaxy A54 5g 128gb 8gb Branco,1748.0,38% OFF,1083.76
Samsung Galaxy A54 5g 128gb 8gb Branco,1748.0,38% OFF,1083.76
Samsung Galaxy A54 5g 256gb 8gb Ram Branco,2099.0,30% OFF,1469.3
"Samsung Galaxy A54 5g 6,4'' 128gb 8gb Ram Preto",1799.0,38% OFF,1115.3799999999999
Samsung Galaxy A55 5G Dual SIM 128 GB Azul Escuro 8 GB RAM,1770.0,36% OFF no Pix,1132.8
Samsung Galaxy A55 5G Dual SIM 256 GB 8 GB RAM cor Rosa,2087.0,36% OFF no Pix,1335.68
Samsung Galaxy A55 5G Dual SIM 256 GB Azul escuro 8 GB RAM,2087.0,36% OFF no Pix,1335.68
Samsung Galaxy S23 Dual SIM 256GB Violeta 8GB RAM,3329.0,48% OFF no Pix,1731.0800000000002
Samsung Galaxy S23 FE (Exynos) 5G Dual SIM 128 GB Creme 8 GB RAM,2446.0,38% OFF no Pix,1516.52
Samsung Galaxy S23 Ultra (eSIM) 5G Dual SIM 256 GB creme 12 GB RAM,4499.0,52% OFF no Pix,2159.52
Samsung Galaxy S23 Ultra (eSIM) 5G Dual SIM 256 GB creme 12 GB RAM,4499.0,52% OFF no Pix,2159.52
"Samsung Galaxy Tab S9 Fe Wifi, 128gb, 6gb Ram, Tela 10.9 Cor Cinza",2431.0,30% OFF,1701.6999999999998
"Samsung Galaxy Tab S9 Fe Wifi, 128gb, 6gb Ram, Tela 10.9 Cor Cinza",2431.0,30% OFF,1701.6999999999998
"Samsung Galaxy Tab S9 Fe Wifi, 128gb, 6gb Ram, Tela 10.9 Cor Cinza",2431.0,30% OFF,1701.6999999999998
Samsung Galaxy Watch Watch6 BT SM-R940NZKPZTO,1279.0,28% OFF,920.88
Samsung Smart Tv 43  Uhd 4k 43du7700 2024,1994.0,50% OFF no Pix,997.0
Samsung Smart Tv 43'' Uhd 4k 43cu7700 2023,2029.0,20% OFF,1623.2
Samsung Smart Tv 43'' Uhd 4k 43cu7700 2023,2029.0,20% OFF,1623.2
Samsung Smart Tv 43'' Uhd 4k 43cu7700 2023,2029.0,20% OFF,1623.2
Samsung Smart Tv 50 Crystal Uhd 4k 50du8000 2024,2349.0,50% OFF,1174.5
Samsung Smart Tv 50 Crystal Uhd 4k 50du8000 2024,2349.0,50% OFF,1174.5
Samsung Smart Tv 50 Uhd 4k 50du7700 2024,2136.0,52% OFF no Pix,1025.28
Samsung Smart Tv 55 Crystal Uhd 4k 55du8000 2024,2659.0,54% OFF no Pix,1223.1399999999999
Samsung Smart Tv 55 Crystal Uhd 4k 55du8000 2024,2659.0,54% OFF no Pix,1223.1399999999999
Samsung Smart Tv 55 Polegadas Qled 4k Q60d 2024 QN55Q60DAGXZD,3134.0,49% OFF no Pix,1598.34
Sandália Feminina Brilho Strass Tendência Moda Original,65.0,16% OFF,54.6
Secador Cabelos Taiff Unique Profissional Mais Potente 3100w 220V,714.0,40% OFF,428.4
Secador De Cabelo 2000 Watts - Black Íon Taiff 220V,246.0,43% OFF no Pix,140.22000000000003
Secador De Cabelo Taiff Style Azul Tiffany 2000w - 127v,232.0,51% OFF,113.67999999999999
Secador De Cabelos Style Azul Tiffany 2000w Taiff 110V,232.0,51% OFF,113.67999999999999
Secador Taiff Style 2000w Motor Ac Preto - 110v 127V,232.0,53% OFF,109.03999999999999
Secador Taiff Style 2000w Motor Ac Preto - 110v 127V,232.0,53% OFF,109.03999999999999
Secador Vulcan 2500w Cinza Taiff 127v 110V,597.0,33% OFF,399.98999999999995
Secador de Cabelo Lizze Extreme 127v,417.0,40% OFF no Pix,250.2
Secador de cabelo Taiff Elegance Tourmaline Íon preto 127V,310.0,39% OFF no Pix,189.1
Secador de cabelo Taiff Elegance Tourmaline Íon preto 220V - 230V,318.0,43% OFF no Pix,181.26000000000002
Secador de cabelo Taiff Style Pro preto 220V,218.0,45% OFF,119.9
Semp Led Smart Tv 32 R6610 Hd Roku Tv,999.0,20% OFF,799.2
Serra Tico-tico Philco Force Ptt01 450w 3000gpm 110V,137.0,42% OFF,79.46000000000001
Serra de bancada  Bosch GTS 254 254mm 220V   -  azul,1840.0,16% OFF,1545.6
Short Praia Masculino Bermuda Verão Academia Treino Corrida,32.0,17% OFF,26.56
Short Praia Masculino Bermuda Verão Academia Treino Corrida,32.0,17% OFF,26.56
Short Praia Masculino Bermuda Verão Academia Treino Corrida,32.0,17% OFF,26.56
Short Praia Masculino Bermuda Verão Academia Treino Corrida,32.0,17% OFF,26.56
Short Praia Masculino Bermuda Verão Academia Treino Corrida,32.0,17% OFF,26.56
Short Praia Masculino Bermuda Verão Academia Treino Corrida,32.0,17% OFF,26.56
Short Praia Masculino Bermuda Verão Academia Treino Corrida,32.0,17% OFF,26.56
Short Praia Masculino Bermuda Verão Academia Treino Corrida,32.0,17% OFF,26.56
Short Praia Masculino Bermuda Verão Academia Treino Corrida,32.0,17% OFF,26.56
Short Praia Masculino Bermuda Verão Academia Treino Corrida,32.0,17% OFF,26.56
Short Praia Masculino Bermuda Verão Academia Treino Corrida,32.0,17% OFF,26.56
Skate Elétrico Hoverboard Barato Bluetooth Bateria Original,719.0,31% OFF,496.10999999999996
Smart Micro Cânula 22g X 50mm Caixa C/10 Unidades - Smart Gr,135.0,34% OFF,89.1
Smart TV 50'' Crystal UHD 4K 50CU8000 Design Air Slim 2023 Cor Cinza Titan Samsung 110V/220V,2637.0,17% OFF,2188.71
Smart TV 50'' Crystal UHD 4K 50CU8000 Design Air Slim 2023 Cor Cinza Titan Samsung 110V/220V,2637.0,17% OFF,2188.71
"Smart TV 65"" 4K LG UHD ThinQ AI 65UR8750PSA HDR Bluetooth Alexa Google Assistente Airplay2 3 HDMI Preto",3299.0,38% OFF,2045.3799999999999
"Smart TV LED 43"" Ultra HD 4K LG 43UR781C0SA.BWZ Preto ThinQ AI 3 HDMI 2 USB Wi-Fi Bluetooth HDR10",1799.0,38% OFF,1115.3799999999999
Smart TV LG 32’’ LED HD 32LQ621 Bivolt Preta - Experiência Visual Incrível,1149.0,23% OFF,884.73
Smart TV LG 32’’ LED HD 32LQ621 Bivolt Preta - Experiência Visual Incrível,1149.0,23% OFF,884.73
Smart TV LG 32’’ LED HD 32LQ621 Bivolt Preta - Experiência Visual Incrível,1149.0,23% OFF,884.73
Smart TV LG 32’’ LED HD 32LQ621 Bivolt Preta - Experiência Visual Incrível,1149.0,23% OFF,884.73
"Smart TV LG AI ThinQ 43LM631C0SB LED webOS Full HD 43"" 100V/240V",1597.0,40% OFF,958.1999999999999
"Smart TV LG UHD AI ThinQ 55UR871C0SA-C LCD webOS 4K 55"" 100V/220V",2349.0,38% OFF,1456.3799999999999
"Smart TV LG UHD AI ThinQ 55UR871C0SA-C LCD webOS 4K 55"" 100V/220V",2349.0,38% OFF,1456.3799999999999
"Smart TV LG UHD AI ThinQ 55UR871C0SA-C LCD webOS 4K 55"" 100V/220V",2349.0,38% OFF,1456.3799999999999
Smart Tv 32 Hd Roku Tv 32s5135/78g Preta Aoc Bivolt,1019.0,27% OFF,743.87
Smart Tv 32 Hd Roku Tv 32s5135/78g Preta Aoc Bivolt,1019.0,27% OFF,743.87
Smart Tv 32 Hd Roku Tv 32s5135/78g Preta Aoc Bivolt,1019.0,27% OFF,743.87
Smart Tv 32 Polegadas Aoc/roku 3 Hdmi Sem Borda 110-220v,1032.0,23% OFF,794.64
Smart Tv 32'' Ptv32g7pr2csblh Roku Led Philco Bivolt,999.0,22% OFF,779.22
Smart Tv 32'' Ptv32g7pr2csblh Roku Led Philco Bivolt,999.0,22% OFF,779.22
Smart Tv 32'' Ptv32g7pr2csblh Roku Led Philco Bivolt,999.0,22% OFF,779.22
Smart Tv 43 4k Uhd Thinq Ai 43ur7800 Hdr 10 Pro LG Bivolt,1798.0,40% OFF,1078.8
Smart Tv 43 4k Uhd Thinq Ai 43ur7800 Hdr 10 Pro LG Bivolt,1798.0,40% OFF,1078.8
Smart Tv 43 4k Uhd Thinq Ai 43ur7800 Hdr 10 Pro LG Bivolt,1798.0,40% OFF,1078.8
Smart Tv 43 Britânia Btv43g7pr2csblf Led Fhd Roku 110v/220v,1329.0,34% OFF no Pix,877.1399999999999
Smart Tv 43 Philco Ptv43g7er2cpblf Led Dolby Audio,1412.0,21% OFF,1115.48
Smart Tv 43 Philco Ptv43m8gagcmblf Led Dolby Áudio Hdmi Usb,1497.0,16% OFF,1257.48
Smart Tv 43'' Android Dolby Aws-tv-43-bl-02-a Aiwa Bivolt,1439.0,24% OFF,1093.64
Smart Tv 43'' Android Dolby Aws-tv-43-bl-02-a Aiwa Bivolt,1439.0,24% OFF,1093.64
Smart Tv 43'' Android Dolby Aws-tv-43-bl-02-a Aiwa Bivolt,1439.0,24% OFF,1093.64
Smart Tv 43'' Samsung T5300 Full Hd Tizen Hdmi Usb,1791.0,64% OFF,644.76
Smart Tv 43S5400A 43 Led Fhd Android Tv Tcl Bivolt Preto 110V/220V,1599.0,23% OFF,1231.23
Smart Tv 43lm6370 Full Hd 43 Thinqai Bluetooth Hdr LG Bivolt,1669.0,46% OFF,901.2600000000001
Smart Tv 43pfg6918/78 Full Hd 43'' Google Philips 110v/220v,1631.0,16% OFF,1370.04
Smart Tv 50'' Aws-tv-50-bl-02-a 4k Android Hdr10 Dolby Aiwa 110V/220V,1999.0,55% OFF,899.55
Smart Tv 55'' 55nano77sra Nanocell 4k LG,2879.0,58% OFF,1209.18
Smart Tv 55'' Polegadas Uhd 4k 55cu7700 Samsung Bivolt,2699.0,32% OFF,1835.32
Smart Tv 58 Philco 4k Ptv58gagsksbl Android Led Dolby Audio,2278.0,41% OFF no Pix,1344.0200000000002
Smart Tv 75'' Crystal Uhd 4k 75du8000 2024 Samsung,6219.0,44% OFF,3482.6400000000003
Smart Tv Britânia 42'' Btv42g6fr2cp Roku Tv Dolby Audio Hdmi,1393.0,35% OFF,905.45
Smart Tv LG 50 Led 4k Uhd Wi-fi Bluetooth  Hdr10 50ur871c0sa Preto,2136.0,31% OFF no Pix,1473.84
Smart Tv LG Led 65  65UR871C0SA Ai Thinq Led 4k 65 100v 240v,3408.0,38% OFF,2112.96
Smart Tv Led 32 S5400af Tcl Fhd Android Tv,1069.0,23% OFF,823.13
Smart Tv Led 42'' Ptv42g6fr2cpf Roku Dolby Audio Preta Philco 110V/220V,1449.0,20% OFF,1159.2
Smart Tv Led 43'' P635 Google 4k Uhd Hdr Tcl Bivolt,1779.0,40% OFF,1067.3999999999999
Smart Tv Led 50 Google Tv Uhd 4k Tcl 50p635 3 Hdmi 1 Usb,2013.0,39% OFF no Pix,1227.93
Smart Tv Samsung 32'' Hd Tizen T4300 Bivolt,1215.0,36% OFF,777.6
Smart Tv Samsung 32'' Hd Tizen T4300 Bivolt,1215.0,36% OFF,777.6
Smart Tv Samsung 32'' Hd Tizen T4300 Bivolt,1215.0,36% OFF,777.6
Smart Tv Samsung 50'' Crystal 4k,2299.0,39% OFF,1402.3899999999999
Smart Tv Uhd 50UR8750PSA 50 Polegadas 4k 2023 LG Ashed Blue,2299.0,32% OFF,1563.32
Smartphone Motorola Moto g04s 128GB 8GB Ram Boost Camera 16MP com Moto AI sensor FPS lateral - Coral,692.0,21% OFF no Pix,546.6800000000001
Smartphone Motorola Moto g04s 128GB 8GB Ram Boost Camera 16MP com Moto AI sensor FPS lateral - Grafite,698.0,20% OFF no Pix,558.4
Smartphone Motorola Moto g04s 128GB 8GB Ram Boost Camera 16MP com Moto AI sensor FPS lateral - Grafite,698.0,20% OFF no Pix,558.4
Smartphone Motorola Moto g04s 128GB 8GB Ram Boost Camera 16MP com Moto AI sensor FPS lateral - Grafite,698.0,20% OFF no Pix,558.4
Smartwatch Galaxy Watch6 Classic Lte 47mm Grafite Samsung Desenho da pulseira Liso,1799.0,40% OFF,1079.3999999999999
"Smartwatch Samsung Galaxy Fit3 Esportivo AMOLED 1.6"" Grafite, Resistente à Água, Bluetooth",359.0,40% OFF,215.4
"Sofá Retrátil/reclinável Verona 2,00m Velut Cinza C/ Molas",1139.0,18% OFF no Pix,933.98
Solda Inversora Gp-165 A Pró Euro Bivolt 110v/220v Completa Cor Laranja 110V/220V (Bivolt),460.0,18% OFF,377.20000000000005
Solda Multi Mig 150 S/ Gás +máscara +arame +esmerilhadeira Cor Laranja 110V,1171.0,18% OFF,960.22
Solda Multi Mig 150 S/ Gás +máscara +arame +esmerilhadeira Cor Laranja 220V,1171.0,18% OFF,960.22
Soprador Térmico 2000w Ar Quente 2 Estagios + Ponta Redutora Cor Cinza E Amarelo 110v,106.0,17% OFF,87.97999999999999
Soprador Térmico Vonder 2000w Stv200 3 Estágios + Acessórios Voltagem 127v,177.0,23% OFF,136.29
"Soundbar Samsung Hw-b555, 2.1 Canais, Bluetooth, Subwoofer Cor Preto 110V/220V",1072.0,18% OFF no Pix,879.0400000000001
Suplemento Em Pó Dark Lab Premium Refil De 1kg Sabor Without flavor,189.0,16% OFF,158.76
Suplemento Em Pó Integralmedica Creatina Hardcore Sabor Neutro 3000mg,73.0,21% OFF,57.67
Suplemento Em Pó Integralmedica Creatina Hardcore Sabor Neutro 3000mg,73.0,21% OFF,57.67
Suplemento em Pó Max Titanium sem Sabor em Pote 3000mg,79.0,20% OFF,63.2
Suplemento em Pó Turbo 300g Black Skull Caveira Preta Sem sabor,30.0,39% OFF,18.3
Suplemento em pó Optimum Nutrition  Proteína Gold Standard 100% Whey proteína sabor vanilla ice cream em pote de 2.27kg,490.0,29% OFF,347.9
Sutiã Lupo Original Loba Sem Costura Soutien Antimicrobial,38.0,36% OFF,24.32
"Sutiã Plus Size Base Cruzada Reforçado, Up",39.0,21% OFF,30.810000000000002
Switch Poe Híbrido Com 8 Portas Poe + 2 Portas Uplink,250.0,29% OFF,177.5
TCL Smart TV Advanced 4K QLED PRO 50 C655 Google Tv Dolby,2421.0,45% OFF no Pix,1331.5500000000002
Tablet Mirage 7 Pol 64gb 4gb ram Quad core wi-fi cor Preto 2022,328.0,21% OFF,259.12
Tablet Samsung Galaxy Tab A9 Enterprise Edition Android 8.7 Cor Cinza,999.0,20% OFF,799.2
Tablet Samsung Galaxy Tab S6 Lite (2024) 64gb 4gb Ram Wifi Cor Cinza,1855.0,25% OFF,1391.25
Tablet Samsung Galaxy Tab S9 Fe Lavanda 128gb 6gb Ram 10.9,2449.0,29% OFF,1738.79
Tablet Samsung Sm-x210nzaazto A9+wifi 11 4gb Ram 64gb Cor Grafite,1111.0,25% OFF,833.25
Tablet Vaio Tl10 128gb 8gb 4g Teclado Magnético Tela 10,1549.0,40% OFF,929.4
Taiff Black Ion Secador De Cabelo Profissional Original2000w Cor Preto 110V,243.0,38% OFF no Pix,150.66
Talha Manual 1 Tonelada 1000 Kg Com Corrente 3 Metros Trato,299.0,24% OFF,227.24
Talha Manual 1 Tonelada 1000kg Com Corrente 8 Metros Tssaper,491.0,18% OFF,402.62
Tanquinho Colormaq 18kg Cor Rosa 127V,549.0,30% OFF,384.29999999999995
Tanquinho Lavadora de Roupas Semi-Automática Colormaq Ecomax LCS18 18kg,549.0,30% OFF,384.29999999999995
Tapete Higiênico Cachorro 50 Unidades - 1ª Linha (80x60),63.0,18% OFF,51.660000000000004
Teclado Multilaser Slim Usb Preto Tc213,28.0,39% OFF,17.08
Telha Precon Pvc Plan 2.42x0.88 Ceramica,68.0,16% OFF,57.12
Tenda  Gazebo Dobrável Impermeável 3x3m Barraca Camping Prom,453.0,53% OFF,212.91
Tenis Asics Revelation Leve Confortável Macio Pronta Entrega,86.0,21% OFF,67.94
Tenis Casual Branco Star Feminino Original Confortável All,64.0,17% OFF,53.12
Tenis Feminino Casual Nyc Shoes Masculino Moda Adulto,75.0,31% OFF,51.74999999999999
Top Whey 3w Mais Performance 900g Max Titanium Sabor Chocolate,119.0,20% OFF,95.2
Torneira Metal Inox Gourmet Pia Cozinha Luxo De Parede,48.0,16% OFF,40.32
Tv 32'' Led Hd Ptv32a21dfh Preta Philco Bivolt,840.0,46% OFF,453.6
Tv Philco 24 Ptv24g50dch Recepção Digital Hd Led,760.0,37% OFF,478.8
Tv Smart Samsung Led 55 Lh55bechvggxzd Led 4k 55 100v/240v,2447.0,38% OFF,1517.14
Tênis Duramo Speed adidas,403.0,32% OFF,274.03999999999996
Tênis Feminino Ultra Conforto Modare Ortopédico Original,98.0,38% OFF,60.76
Tênis Flyer Flex Bdp Puma,196.0,40% OFF,117.6
Tênis Masculino Grand Court Base 2.0 Simp adidas,243.0,30% OFF,170.1
Tênis Masculino Grand Court Base 2.0 adidas Novo,261.0,25% OFF,195.75
Tênis Under Armour Essential 2 Original Academia Masculino,189.0,27% OFF,137.97
Vaporizador Higienizador De Roupa Portátil Black Decker 127v 110V,177.0,30% OFF,123.89999999999999
Vaso Sanitário Monobloco - Caixa Acoplada Completo Privada Cor Branco,559.0,48% OFF,290.68
Vaso Sanitário Monobloco Caixa Acoplada Privada Completo Cor Branco,529.0,41% OFF,312.11000000000007
Vaso Sanitário Monobloco Completo - Caixa Acoplada Privada Cor Branco,659.0,44% OFF,369.04
Ventilador De Coluna Mondial Vsp-40c-nb Super Power Diâmetro 40cm Preto 6 pás 127V,202.0,40% OFF,121.19999999999999
Ventilador De Mesa Mondial 40cm Super Power Vsp-40-b  Cor Preto e Prata 127V 140W,187.0,35% OFF,121.55
Ventilador Osc Parede 60cm New Preto 220v Premium Ventisol,264.0,24% OFF,200.64000000000001
Ventilador Teto Ventisol Ares Branco Inverter Controle Bivolt,259.0,19% OFF,209.79000000000002
Vinho tinto Cabernet Sauvignon Casillero del Diablo 750ml,38.0,45% OFF,20.900000000000002
Vinho tinto chileno carmenere reservado 750ml concha y toro,21.0,45% OFF,11.55
Voyage IMP01798 Legacy cadeira infantil para carro 0-36kg cinza,669.0,25% OFF no Pix,501.75
WAP GTW Bagless aspirador de pó e água 1400W de potência cor azul e preto 220V,309.0,31% OFF,213.20999999999998
Wap Cozinha lazer  WAP AIR FRYER OVEN DIGITAL 12L  FW009547  Inox e Preto 127V,699.0,25% OFF,524.25
Wap Cozinha lazer  WAP AIR FRYER OVEN DIGITAL 12L  FW009547  Inox e Preto 127V,699.0,25% OFF,524.25
Wap GTW aspirador de pó e água 1400w 12 litros cor prateado 110V,409.0,33% OFF,274.03
Whey Protein Isolado Iso Blend Complex 2kg Pretorian Sabor Baunilha,99.0,35% OFF,64.35000000000001
Whey Protein Isolado Iso Blend Complex 2kg Pretorian Sabor Cookies E Cream,99.0,35% OFF,64.35000000000001
Wind Banner Fly Flag Dupla Face 3m Completo Arte Gratis,172.0,19% OFF,139.32000000000002
bandeirinha de festa 100 metros Junina,37.0,49% OFF,18.87
